{
  "fpcStiffeners": [
    {
      "id": "e2639",
      "gerber": "Gerber_TopStiffenerLayer_pit_0.2.GTSL",
      "layer": "top",
      "material": "pi",
      "thickness": "0.2",
      "path": [
        [
          [
            2025,
            230,
            "L",
            5115,
            230,
            5215,
            130,
            5215,
            -153.1376,
            4606.8624,
            -153.1376,
            4545,
            -215,
            -347.8602,
            -215,
            -347.8602,
            -39.985,
            -500,
            112.1548,
            -500,
            1184.3085,
            -354.3085,
            1330,
            933.6,
            1330,
            1049.5771,
            1214.0229,
            1049.5771,
            759.6279,
            1579.205,
            230,
            2025,
            230
          ]
        ]
      ]
    },
    {
      "id": "e3256",
      "gerber": "Gerber_BottomStiffenerLayer_psb_tesa8854.GBSL",
      "layer": "bottom",
      "material": "tape",
      "model": "tesa8854",
      "thickness": "0.1",
      "path": [
        [
          [
            5225,
            -100,
            "L",
            5225,
            130,
            5125,
            230,
            1589.205,
            230,
            1049.5771,
            759.6279,
            1049.5771,
            1214.0229,
            943.9488,
            1330,
            -354.3085,
            1330,
            -500,
            1184.3085,
            -490,
            112.1548,
            -337.8602,
            -39.985,
            -337.8602,
            -92.1398,
            -330,
            -100,
            5225,
            -100
          ]
        ]
      ]
    }
  ]
}